{
  "uas":0.0,
  "las":0.0,
  "ents_p":78.4780013171,
  "ents_r":78.618027608,
  "ents_f":78.5479520569,
  "tags_acc":0.0,
  "token_acc":100.0
}